Ticker,Company,Sector,City,State,Date,Weekly_Open,Weekly_Close,Weekly_Percentage,Weekly_Volume,Market_Cap
MSFT,Microsoft,Information Technology,Redmond,Washington,2024-03-22,429,429,-0.11,21241322,$3.19 T
AAPL,Apple Inc.,Information Technology,Cupertino,California,2024-03-22,177,171,-3.21,105231182,$2.65 T
NVDA,Nvidia,Information Technology,Santa Clara,California,2024-03-22,923,914,-0.94,47818182,$2.29 T
AMZN,Amazon,Consumer Discretionary,Seattle,Washington,2024-03-22,179,178,-1.02,32354297,$1.85 T
GOOG,Alphabet Inc. (Class C),Communication Services,Mountain View,California,2024-03-22,150,148,-1.05,19781751,$1.84 T
GOOGL,Alphabet Inc. (Class A),Communication Services,Mountain View,California,2024-03-22,149,147,-1.25,24646402,$1.84 T
META,Meta Platforms,Communication Services,Menlo Park,California,2024-03-22,514,507,-1.35,9684867,$1.29 T
BRK-B,Berkshire Hathaway,Financials,Omaha,Nebraska,2024-03-22,416,413,-0.7,3385450,$894.69 B
LLY,Eli Lilly and Company,Health Care,Indianapolis,Indiana,2024-03-22,774,770,-0.48,3007197,$731.87 B
AVGO,Broadcom Inc.,Information Technology,Palo Alto,California,2024-03-22,1328,1348,1.48,7207792,$624.69 B
V,Visa Inc.,Financials,San Francisco,California,2024-03-22,289,290,0.14,5037911,$596.44 B
JPM,JPMorgan Chase,Financials,New York City,New York,2024-03-22,196,199,1.29,10847445,$573.37 B
TSLA,"Tesla, Inc.",Consumer Discretionary,Austin,Texas,2024-03-22,176,172,-2.01,72890133,$550.40 B
WMT,Walmart,Consumer Staples,Bentonville,Arkansas,2024-03-22,61,61,0.28,13985913,$495.17 B
MA,Mastercard,Financials,Harrison,New York,2024-03-22,488,488,0.02,2345746,$455.85 B
UNH,UnitedHealth Group,Health Care,Minnetonka,Minnesota,2024-03-22,492,491,-0.12,3661675,$453.31 B
XOM,ExxonMobil,Energy,Irving,Texas,2024-03-22,112,113,0.5,14640089,$450.31 B
HD,Home Depot (The),Consumer Discretionary,Atlanta,Georgia,2024-03-22,388,395,1.75,4179674,$391.65 B
PG,Procter & Gamble,Consumer Staples,Cincinnati,Ohio,2024-03-22,162,161,-0.14,5194799,$380.86 B
JNJ,Johnson & Johnson,Health Care,New Brunswick,New Jersey,2024-03-22,155,155,0.1,5890424,$375.32 B
ORCL,Oracle Corporation,Information Technology,Austin,Texas,2024-03-22,130,129,-1.16,17687153,$354.59 B
COST,Costco,Consumer Staples,Issaquah,Washington,2024-03-22,743,742,-0.13,2082800,$329.33 B
ABBV,AbbVie,Health Care,North Chicago,Illinois,2024-03-22,176,177,0.39,5722152,$314.29 B
MRK,Merck & Co.,Health Care,Kenilworth,New Jersey,2024-03-22,123,123,-0.06,7571504,$313.08 B
CRM,Salesforce,Information Technology,San Francisco,California,2024-03-22,307,308,0.15,6069900,$299.14 B
BAC,Bank of America,Financials,Charlotte,North Carolina,2024-03-22,36,37,1.57,42886384,$295.98 B
AMD,Advanced Micro Devices,Information Technology,Santa Clara,California,2024-03-22,185,178,-3.92,74478235,$288.71 B
CVX,Chevron Corporation,Energy,San Ramon,California,2024-03-22,154,154,-0.06,7871662,$287.62 B
NFLX,Netflix,Communication Services,Los Gatos,California,2024-03-22,630,622,-1.26,2499609,$269.48 B
KO,Coca-Cola Company (The),Consumer Staples,Atlanta,Georgia,2024-03-22,60,60,-0.15,12569627,$260.70 B
PEP,PepsiCo,Consumer Staples,Purchase,New York,2024-03-22,172,172,0.26,4318363,$237.02 B
ADBE,Adobe Inc.,Information Technology,San Jose,California,2024-03-22,517,511,-1.23,5199799,$231.36 B
LIN,Linde plc,Materials,Guildford,United Kingdom,2024-03-22,464,466,0.36,2493661,$224.56 B
TMO,Thermo Fisher Scientific,Health Care,Waltham,Massachusetts,2024-03-22,580,584,0.71,1218812,$222.74 B
ACN,Accenture,Information Technology,Dublin,Ireland,2024-03-22,363,345,-5.21,9565121,$216.33 B
DIS,Walt Disney,Communication Services,Burbank,California,2024-03-22,116,116,-0.25,10290784,$214.06 B
WFC,Wells Fargo,Financials,San Francisco,California,2024-03-22,57,57,0.45,17988648,$204.81 B
MCD,McDonald's,Consumer Discretionary,Chicago,Illinois,2024-03-22,284,283,-0.34,3438488,$204.72 B
CSCO,Cisco,Information Technology,San Jose,California,2024-03-22,49,49,0.34,21820000,$201.97 B
ABT,Abbott,Health Care,North Chicago,Illinois,2024-03-22,111,111,-0.39,9710975,$193.49 B
GE,General Electric,Industrials,Boston,Massachusetts,2024-03-22,174,176,1.16,6285825,$193.12 B
TMUS,T-Mobile US,Communication Services,Bellevue,Washington,2024-03-22,161,160,-0.43,3295599,$191.00 B
QCOM,Qualcomm,Information Technology,San Diego,California,2024-03-22,170,170,0.21,8488421,$190.67 B
DHR,Danaher Corporation,Health Care,Washington,D.C.,2024-03-22,252,254,0.73,2310885,$187.97 B
INTU,Intuit,Information Technology,Mountain View,California,2024-03-22,643,651,1.21,1332759,$182.35 B
CAT,Caterpillar Inc.,Industrials,Irving,Texas,2024-03-22,357,364,1.93,2606949,$182.05 B
INTC,Intel,Information Technology,Santa Clara,California,2024-03-22,42,42,-1.33,50228404,$179.35 B
IBM,IBM,Information Technology,Armonk,New York,2024-03-22,193,191,-0.57,6008317,$175.92 B
AMAT,Applied Materials,Information Technology,Santa Clara,California,2024-03-22,213,210,-1.2,6142896,$175.15 B
VZ,Verizon,Communication Services,New York City,New York,2024-03-22,40,40,1.05,21828726,$170.44 B
CMCSA,Comcast,Communication Services,Philadelphia,Pennsylvania,2024-03-22,43,42,-0.26,18454163,$170.35 B
UBER,Uber,Industrials,San Francisco,California,2024-03-22,79,80,0.82,16171854,$166.64 B
AXP,American Express,Financials,New York City,New York,2024-03-22,229,229,0.0,3519563,$164.98 B
BX,Blackstone,Financials,New York City,New York,2024-03-22,128,131,2.14,3809647,$159.55 B
NOW,ServiceNow,Information Technology,Santa Clara,California,2024-03-22,780,773,-0.87,1254732,$158.50 B
TXN,Texas Instruments,Information Technology,Dallas,Texas,2024-03-22,172,172,0.12,4369072,$157.07 B
PFE,Pfizer,Health Care,New York City,New York,2024-03-22,27,27,-0.32,27834009,$156.63 B
NKE,"Nike, Inc.",Consumer Discretionary,Washington County,Oregon,2024-03-22,100,100,0.38,11759910,$152.75 B
MS,Morgan Stanley,Financials,New York City,New York,2024-03-22,91,93,1.57,13478287,$152.73 B
UNP,Union Pacific Corporation,Industrials,Omaha,Nebraska,2024-03-22,247,248,0.23,3197360,$151.29 B
LOW,Lowe's,Consumer Discretionary,Mooresville,North Carolina,2024-03-22,252,261,3.18,3385646,$149.81 B
AMGN,Amgen,Health Care,Thousand Oaks,California,2024-03-22,274,276,0.84,2488325,$148.42 B
COP,ConocoPhillips,Energy,Houston,Texas,2024-03-22,122,123,1.18,4908932,$145.30 B
PM,Philip Morris International,Consumer Staples,New York City,New York,2024-03-22,93,92,-1.6,8390294,$143.14 B
ISRG,Intuitive Surgical,Health Care,Sunnyvale,California,2024-03-22,394,391,-0.52,919398,$138.93 B
SPGI,S&P Global,Financials,New York City,New York,2024-03-22,427,428,0.28,1230268,$137.25 B
SYK,Stryker Corporation,Health Care,Kalamazoo,Michigan,2024-03-22,353,353,-0.13,1339562,$134.43 B
GS,Goldman Sachs,Financials,New York City,New York,2024-03-22,399,413,3.49,4590755,$134.26 B
UPS,United Parcel Service,Industrials,Sandy Springs,Georgia,2024-03-22,155,155,0.1,3908340,$132.51 B
HON,Honeywell,Industrials,Charlotte,North Carolina,2024-03-22,202,201,-0.31,2800681,$131.34 B
SCHW,Charles Schwab Corporation,Financials,Westlake,Texas,2024-03-22,69,71,2.66,10373244,$131.08 B
LRCX,Lam Research,Information Technology,Fremont,California,2024-03-22,983,982,-0.05,1407270,$128.82 B
ETN,Eaton Corporation,Industrials,Dublin,Ireland,2024-03-22,311,315,1.22,2141193,$126.17 B
NEE,NextEra Energy,Utilities,Juno Beach,Florida,2024-03-22,62,61,-1.35,17906829,$125.94 B
BLK,BlackRock,Financials,New York City,New York,2024-03-22,823,842,2.25,637877,$125.42 B
RTX,RTX Corporation,Industrials,Waltham,Massachusetts,2024-03-22,95,94,-0.78,6470998,$125.33 B
BKNG,Booking Holdings,Consumer Discretionary,Norwalk,Connecticut,2024-03-22,3615,3647,0.9,304207,$124.65 B
T,AT&T,Communication Services,Dallas,Texas,2024-03-22,17,17,-0.17,31501703,$122.74 B
MU,Micron Technology,Information Technology,Boise,Idaho,2024-03-22,113,109,-3.1,89231055,$121.26 B
PGR,Progressive Corporation,Financials,Mayfield Village,Ohio,2024-03-22,204,205,0.52,3396217,$120.40 B
PLD,Prologis,Real Estate,San Francisco,California,2024-03-22,128,129,0.71,2861390,$120.13 B
ELV,Elevance Health,Health Care,Indianapolis,Indiana,2024-03-22,513,514,0.26,512449,$119.75 B
C,Citigroup,Financials,New York City,New York,2024-03-22,60,61,1.69,17678276,$117.46 B
BA,Boeing,Industrials,Arlington,Virginia,2024-03-22,189,187,-1.1,7368400,$114.52 B
TJX,TJX Companies,Consumer Discretionary,Framingham,Massachusetts,2024-03-22,98,99,0.38,4946183,$113.03 B
MDT,Medtronic,Health Care,Dublin,Ireland,2024-03-22,83,83,-0.19,6039434,$110.75 B
DE,John Deere,Industrials,Moline,Illinois,2024-03-22,393,397,0.95,1400794,$110.69 B
VRTX,Vertex Pharmaceuticals,Health Care,Cambridge,Massachusetts,2024-03-22,415,415,0.02,878823,$107.38 B
ABNB,Airbnb,Consumer Discretionary,San Francisco,California,2024-03-22,165,168,1.43,5931016,$107.28 B
LMT,Lockheed Martin,Industrials,Bethesda,Maryland,2024-03-22,441,443,0.41,908316,$106.58 B
REGN,Regeneron,Health Care,Tarrytown,New York,2024-03-22,974,968,-0.69,427433,$106.25 B
BMY,Bristol Myers Squibb,Health Care,New York City,New York,2024-03-22,51,51,-0.62,12558770,$104.32 B
CB,Chubb Limited,Financials,Zurich,Switzerland,2024-03-22,257,256,-0.5,2277418,$104.00 B
SBUX,Starbucks,Consumer Discretionary,Seattle,Washington,2024-03-22,92,91,-1.04,6246678,$103.78 B
ADP,Automated Data Processing,Industrials,Roseland,New Jersey,2024-03-22,248,248,0.19,1857712,$102.27 B
MMC,Marsh McLennan,Financials,New York City,New York,2024-03-22,206,205,-0.29,2161354,$101.00 B
CI,Cigna,Health Care,Bloomfield,Connecticut,2024-03-22,354,353,-0.11,1210276,$100.33 B
BSX,Boston Scientific,Health Care,Marlborough,Massachusetts,2024-03-22,67,67,0.19,3399046,$99.12 B
CVS,CVS Health,Health Care,Woonsocket,Rhode Island,2024-03-22,78,78,-0.41,7523614,$98.50 B
MDLZ,Mondelez International,Consumer Staples,Chicago,Illinois,2024-03-22,72,72,0.29,5850634,$97.23 B
ADI,Analog Devices,Information Technology,Wilmington,Massachusetts,2024-03-22,196,195,-0.75,3108959,$96.78 B
KLAC,KLA Corporation,Information Technology,Milpitas,California,2024-03-22,716,713,-0.52,757486,$96.44 B
ANET,Arista Networks,Information Technology,Santa Clara,California,2024-03-22,299,304,1.87,2915750,$95.23 B
PANW,Palo Alto Networks,Information Technology,Santa Clara,California,2024-03-22,284,287,1.27,3814066,$92.93 B
FI,Fiserv,Financials,Brookfield,Wisconsin,2024-03-22,155,156,0.24,2931208,$92.32 B
SNPS,Synopsys,Information Technology,Sunnyvale,California,2024-03-22,600,602,0.34,1760627,$91.83 B
GILD,Gilead Sciences,Health Care,Foster City,California,2024-03-22,73,73,-1.1,5810324,$91.05 B
AMT,American Tower,Real Estate,Boston,Massachusetts,2024-03-22,195,193,-0.98,2634444,$90.44 B
SHW,Sherwin-Williams,Materials,Cleveland,Ohio,2024-03-22,343,347,1.23,1288919,$88.23 B
CDNS,Cadence Design Systems,Information Technology,San Jose,California,2024-03-22,320,322,0.6,1853903,$87.88 B
HCA,HCA Healthcare,Health Care,Nashville,Tennessee,2024-03-22,329,328,-0.12,1039247,$86.98 B
WM,Waste Management,Industrials,Houston,Texas,2024-03-22,211,212,0.26,1823933,$85.31 B
ITW,Illinois Tool Works,Industrials,Glenview,Illinois,2024-03-22,268,270,0.54,1160673,$80.77 B
CMG,Chipotle Mexican Grill,Consumer Discretionary,Newport Beach,California,2024-03-22,2952,2904,-1.62,311480,$79.66 B
MO,Altria,Consumer Staples,Richmond,Virginia,2024-03-22,44,44,0.27,18392100,$79.27 B
ICE,Intercontinental Exchange,Financials,Atlanta,Georgia,2024-03-22,136,138,1.27,2635702,$79.08 B
TGT,Target Corporation,Consumer Staples,Minneapolis,Minnesota,2024-03-22,170,170,-0.29,2621394,$78.57 B
SLB,Schlumberger,Energy,Houston,Texas,2024-03-22,54,54,-0.07,6259197,$77.98 B
CME,CME Group,Financials,Chicago,Illinois,2024-03-22,213,216,1.06,1529884,$77.80 B
GD,General Dynamics,Industrials,Falls Church,Virginia,2024-03-22,283,281,-0.71,1045946,$77.08 B
ZTS,Zoetis,Health Care,Parsippany,New Jersey,2024-03-22,172,168,-2.55,4339726,$77.07 B
EQIX,Equinix,Real Estate,Redwood City,California,2024-03-22,825,811,-1.62,1214666,$76.80 B
SO,Southern Company,Utilities,Atlanta,Georgia,2024-03-22,70,69,-0.77,2581083,$76.26 B
CSX,CSX,Industrials,Jacksonville,Florida,2024-03-22,37,37,0.13,10512289,$74.19 B
MAR,Marriott International,Consumer Discretionary,Bethesda,Maryland,2024-03-22,254,255,0.21,1528224,$73.90 B
DUK,Duke Energy,Utilities,Charlotte,North Carolina,2024-03-22,95,94,-0.56,2735229,$73.20 B
EOG,EOG Resources,Energy,Houston,Texas,2024-03-22,125,126,0.14,2664739,$73.13 B
CL,Colgate-Palmolive,Consumer Staples,New York City,New York,2024-03-22,88,88,0.48,3279393,$73.07 B
MCO,Moody's Corporation,Financials,New York City,New York,2024-03-22,394,395,0.41,730770,$72.23 B
PH,Parker Hannifin,Industrials,Cleveland,Ohio,2024-03-22,550,560,1.9,616051,$71.99 B
MPC,Marathon Petroleum,Energy,Findlay,Ohio,2024-03-22,198,199,0.57,1672548,$71.78 B
PYPL,PayPal,Financials,San Jose,California,2024-03-22,65,66,1.27,13465000,$70.88 B
MCK,McKesson,Health Care,Irving,Texas,2024-03-22,530,534,0.79,495505,$70.20 B
NOC,Northrop Grumman,Industrials,West Falls Church,Virginia,2024-03-22,471,467,-0.94,791075,$70.14 B
BDX,Becton Dickinson,Health Care,Franklin Lakes,New Jersey,2024-03-22,238,241,1.11,1321033,$69.80 B
USB,U.S. Bank,Financials,Minneapolis,Minnesota,2024-03-22,43,44,1.6,8525127,$69.27 B
TT,Trane Technologies,Industrials,Dublin,Ireland,2024-03-22,299,303,1.51,1071436,$69.00 B
ORLY,O'Reilly Auto Parts,Consumer Discretionary,Springfield,Missouri,2024-03-22,1149,1162,1.16,427341,$68.66 B
APH,Amphenol,Information Technology,Wallingford,Connecticut,2024-03-22,113,114,1.25,2815859,$68.63 B
TDG,TransDigm Group,Industrials,Cleveland,Ohio,2024-03-22,1215,1232,1.35,194685,$68.53 B
PSX,Phillips 66,Energy,Houston,Texas,2024-03-22,159,159,0.05,2481659,$68.06 B
FCX,Freeport-McMoRan,Materials,Phoenix,Arizona,2024-03-22,46,46,-0.32,16785583,$66.33 B
FDX,FedEx,Industrials,Memphis,Tennessee,2024-03-22,259,264,2.04,4067299,$66.18 B
ECL,Ecolab,Materials,Saint Paul,Minnesota,2024-03-22,228,228,0.01,1289166,$65.42 B
PCAR,Paccar,Industrials,Bellevue,Washington,2024-03-22,122,124,1.98,1876131,$65.18 B
CTAS,Cintas,Industrials,Mason,Ohio,2024-03-22,638,642,0.6,300742,$65.10 B
AON,Aon,Financials,London,UK,2024-03-22,325,326,0.27,772048,$64.75 B
EMR,Emerson Electric,Industrials,Ferguson,Missouri,2024-03-22,112,112,0.11,2410693,$64.37 B
NXPI,NXP Semiconductors,Information Technology,Eindhoven,Netherlands,2024-03-22,246,246,-0.22,2889496,$63.12 B
PNC,PNC Financial Services,Financials,Pittsburgh,Pennsylvania,2024-03-22,154,157,2.06,2472432,$62.78 B
MNST,Monster Beverage,Consumer Staples,Corona,California,2024-03-22,60,59,-0.6,3103991,$62.71 B
LULU,Lululemon Athletica,Consumer Discretionary,Vancouver,Canada,2024-03-22,472,478,1.45,3248189,$60.43 B
PXD,Pioneer Natural Resources,Energy,Irving,Texas,2024-03-22,253,255,0.92,721005,$59.67 B
MMM,3M,Industrials,Saint Paul,Minnesota,2024-03-22,108,107,-0.3,5868459,$59.62 B
ROP,Roper Technologies,Information Technology,Sarasota,Florida,2024-03-22,556,556,-0.05,424138,$59.53 B
RSG,Republic Services,Industrials,Phoenix,Arizona,2024-03-22,187,189,0.61,1825408,$59.50 B
SPG,Simon Property Group,Real Estate,Indianapolis,Indiana,2024-03-22,156,155,-0.25,1445297,$58.40 B
NSC,Norfolk Southern Railway,Industrials,Atlanta,Georgia,2024-03-22,262,257,-1.69,1455093,$58.23 B
MSI,Motorola Solutions,Information Technology,Chicago,Illinois,2024-03-22,346,349,0.76,402555,$58.01 B
EW,Edwards Lifesciences,Health Care,Irvine,California,2024-03-22,93,94,0.83,3602267,$56.93 B
ADSK,Autodesk,Information Technology,San Francisco,California,2024-03-22,265,265,0.28,1618768,$56.85 B
VLO,Valero Energy,Energy,San Antonio,Texas,2024-03-22,170,170,0.36,3671623,$56.85 B
OXY,Occidental Petroleum,Energy,Houston,Texas,2024-03-22,63,63,0.11,5363430,$56.23 B
AZO,AutoZone,Consumer Discretionary,Memphis,Tennessee,2024-03-22,3185,3210,0.79,123374,$55.55 B
CEG,Constellation Energy,Utilities,Baltimore,Maryland,2024-03-22,177,174,-1.88,2123748,$55.14 B
CPRT,Copart,Industrials,Dallas,Texas,2024-03-22,57,57,-0.2,5823350,$55.01 B
COF,Capital One,Financials,Tysons Corner,Virginia,2024-03-22,142,143,0.36,2308841,$54.46 B
SMCI,Supermicro,Information Technology,San Jose,California,2024-03-22,938,971,3.58,8511885,$54.35 B
AJG,Arthur J. Gallagher & Co.,Financials,Rolling Meadows,Illinois,2024-03-22,255,250,-2.11,1081844,$54.27 B
CARR,Carrier Global,Industrials,Palm Beach Gardens,Florida,2024-03-22,59,59,1.2,5022250,$53.84 B
DHI,DR Horton,Consumer Discretionary,Arlington,Texas,2024-03-22,160,161,0.59,2154663,$53.56 B
HLT,Hilton Worldwide,Consumer Discretionary,Tysons Corner,Virginia,2024-03-22,211,210,-0.42,1459472,$53.09 B
MET,MetLife,Financials,New York City,New York,2024-03-22,73,73,-0.48,2998868,$52.98 B
WELL,Welltower,Real Estate,Toledo,Ohio,2024-03-22,93,93,-0.28,3533781,$52.96 B
AIG,American International Group,Financials,New York City,New York,2024-03-22,76,77,0.97,3839901,$52.71 B
EL,Estée Lauder Companies (The),Consumer Staples,New York City,New York,2024-03-22,147,146,-0.85,1448938,$52.43 B
APD,Air Products and Chemicals,Materials,Allentown,Pennsylvania,2024-03-22,239,235,-1.54,2328485,$52.35 B
FTNT,Fortinet,Information Technology,Sunnyvale,California,2024-03-22,68,68,-0.01,3710921,$52.32 B
TRV,Travelers Companies (The),Financials,New York City,New York,2024-03-22,224,226,0.7,1343704,$51.81 B
DXCM,Dexcom,Health Care,San Diego,California,2024-03-22,133,133,-0.05,2184547,$51.43 B
F,Ford Motor Company,Consumer Discretionary,Dearborn,Michigan,2024-03-22,12,12,0.0,54429987,$51.34 B
TFC,Truist,Financials,Charlotte,North Carolina,2024-03-22,37,38,2.78,12133400,$50.78 B
GWW,W. W. Grainger,Industrials,Lake Forest,Illinois,2024-03-22,1019,1029,1.03,200312,$50.59 B
GM,General Motors,Consumer Discretionary,Detroit,Michigan,2024-03-22,42,43,1.16,15059903,$50.13 B
PSA,Public Storage,Real Estate,Glendale,California,2024-03-22,283,281,-0.61,627801,$49.66 B
ROST,Ross Stores,Consumer Discretionary,Dublin,California,2024-03-22,147,147,-0.24,1755113,$49.55 B
STZ,Constellation Brands,Consumer Staples,Victor,New York,2024-03-22,268,269,0.32,896496,$49.24 B
AFL,Aflac,Financials,Columbus,Georgia,2024-03-22,85,85,-0.02,1879674,$49.06 B
ODFL,Old Dominion,Industrials,Thomasville,North Carolina,2024-03-22,438,444,1.4,462576,$48.41 B
URI,United Rentals,Industrials,Stamford,Connecticut,2024-03-22,717,719,0.2,591625,$48.31 B
COR,Cencora,Health Care,Conshohocken,Pennsylvania,2024-03-22,241,242,0.18,765886,$48.29 B
MCHP,Microchip Technology,Information Technology,Chandler,Arizona,2024-03-22,90,88,-1.75,5317161,$48.02 B
NUE,Nucor,Materials,Charlotte,North Carolina,2024-03-22,195,196,0.71,1588866,$47.28 B
WMB,Williams Companies,Energy,Tulsa,Oklahoma,2024-03-22,38,38,1.13,11589925,$46.82 B
OKE,ONEOK,Energy,Tulsa,Oklahoma,2024-03-22,79,79,0.46,2779485,$46.34 B
IQV,IQVIA,Health Care,Durham,North Carolina,2024-03-22,254,254,0.17,995993,$46.33 B
HES,Hess Corporation,Energy,New York City,New York,2024-03-22,149,149,-0.03,1888331,$45.87 B
LEN,Lennar,Consumer Discretionary,Miami,Florida,2024-03-22,165,165,0.07,1790555,$45.57 B
O,Realty Income,Real Estate,San Diego,California,2024-03-22,52,52,-0.32,4948938,$45.20 B
CCI,Crown Castle,Real Estate,Houston,Texas,2024-03-22,105,103,-1.36,2804270,$45.01 B
FAST,Fastenal,Industrials,Winona,Minnesota,2024-03-22,77,78,1.06,3053541,$44.89 B
MSCI,MSCI,Financials,New York City,New York,2024-03-22,560,563,0.6,493319,$44.66 B
DLR,Digital Realty,Real Estate,Austin,Texas,2024-03-22,141,140,-1.16,2238176,$44.63 B
TEL,TE Connectivity,Information Technology,Schaffhausen,Switzerland,2024-03-22,142,143,0.93,3178906,$44.46 B
IDXX,Idexx Laboratories,Health Care,Westbrook,Maine,2024-03-22,535,532,-0.54,383273,$44.21 B
SRE,Sempra Energy,Utilities,San Diego,California,2024-03-22,69,69,0.23,2570903,$44.20 B
JCI,Johnson Controls,Industrials,Cork,Ireland,2024-03-22,64,64,0.75,4182327,$44.15 B
PAYX,Paychex,Industrials,Penfield,New York,2024-03-22,123,122,-0.82,2164006,$44.02 B
AEP,American Electric Power,Utilities,Columbus,Ohio,2024-03-22,82,83,0.18,3107748,$43.76 B
AMP,Ameriprise Financial,Financials,Minneapolis,Minnesota,2024-03-22,431,435,1.1,542070,$43.66 B
A,Agilent Technologies,Health Care,Santa Clara,California,2024-03-22,147,148,0.79,1488006,$43.59 B
KHC,Kraft Heinz,Consumer Staples,Chicago,"Illinois; Pittsburgh, Pennsylvania",2024-03-22,35,35,0.56,7373341,$43.19 B
BK,Bank of New York Mellon,Financials,New York City,New York,2024-03-22,56,57,1.4,3433594,$43.12 B
PCG,PG&E Corporation,Utilities,San Francisco,California,2024-03-22,16,16,1.42,13749010,$42.90 B
AME,Ametek,Industrials,Berwyn,Pennsylvania,2024-03-22,184,184,0.19,1036781,$42.75 B
ALL,Allstate,Financials,Northbrook,Illinois,2024-03-22,160,162,1.29,1835579,$42.66 B
CHTR,Charter Communications,Communication Services,Stamford,Connecticut,2024-03-22,294,294,-0.01,1191345,$42.54 B
KMB,Kimberly-Clark,Consumer Staples,Irving,Texas,2024-03-22,124,124,0.63,1794795,$42.05 B
HUM,Humana,Health Care,Louisville,Kentucky,2024-03-22,347,347,-0.1,1287247,$41.88 B
FIS,Fidelity National Information Services,Financials,Jacksonville,Florida,2024-03-22,70,72,1.86,5114151,$41.66 B
PRU,Prudential Financial,Financials,Newark,New Jersey,2024-03-22,115,115,-0.08,1375262,$41.56 B
GEHC,GE HealthCare,Health Care,Chicago,Illinois,2024-03-22,91,91,-0.05,2244227,$41.53 B
CNC,Centene Corporation,Health Care,St. Louis,Missouri,2024-03-22,77,77,-0.05,2824821,$41.28 B
KR,Kroger,Consumer Staples,Cincinnati,Ohio,2024-03-22,56,57,0.16,7031843,$41.05 B
DOW,Dow Inc.,Materials,Midland,Michigan,2024-03-22,58,57,-0.97,5858378,$41.01 B
HSY,Hershey's,Consumer Staples,Hershey,Pennsylvania,2024-03-22,197,199,0.93,2330264,$40.65 B
SYY,Sysco,Consumer Staples,Houston,Texas,2024-03-22,81,81,0.54,2280381,$40.64 B
OTIS,Otis Worldwide,Industrials,Farmington,Connecticut,2024-03-22,99,100,0.82,1580276,$40.63 B
D,Dominion Energy,Utilities,Richmond,Virginia,2024-03-22,48,48,0.52,5024304,$40.62 B
LHX,L3Harris,Industrials,Melbourne,Florida,2024-03-22,212,213,0.16,1240237,$40.52 B
KMI,Kinder Morgan,Energy,Houston,Texas,2024-03-22,18,18,0.33,13186792,$40.19 B
KDP,Keurig Dr Pepper,Consumer Staples,Burlington,Massachusetts,2024-03-22,29,29,-0.24,9561686,$40.01 B
CSGP,CoStar Group,Real Estate,Washington,D.C.,2024-03-22,97,97,0.48,1797362,$39.91 B
NEM,Newmont,Materials,Denver,Colorado,2024-03-22,34,34,-1.2,11908351,$39.81 B
MRNA,Moderna,Health Care,Cambridge,Massachusetts,2024-03-22,104,104,-0.39,2191425,$39.77 B
CMI,Cummins,Industrials,Columbus,Indiana,2024-03-22,288,291,1.18,8453924,$39.71 B
KVUE,Kenvue,Consumer Staples,Skillman,New Jersey,2024-03-22,20,20,1.42,17183864,$39.65 B
CTVA,Corteva,Materials,Indianapolis,Indiana,2024-03-22,55,55,-0.07,2462624,$38.98 B
GIS,General Mills,Consumer Staples,Golden Valley,Minnesota,2024-03-22,69,68,-1.01,4861261,$38.82 B
YUM,Yum! Brands,Consumer Discretionary,Louisville,Kentucky,2024-03-22,136,136,0.27,1501422,$38.42 B
IR,Ingersoll Rand,Industrials,Davidson,North Carolina,2024-03-22,94,95,1.06,2334143,$38.37 B
LVS,Las Vegas Sands,Consumer Discretionary,Las Vegas,Nevada,2024-03-22,50,50,-0.81,2891939,$37.94 B
MLM,Martin Marietta Materials,Materials,Raleigh,North Carolina,2024-03-22,606,612,1.1,346845,$37.89 B
IT,Gartner,Information Technology,Stamford,Connecticut,2024-03-22,482,483,0.05,430410,$37.67 B
PWR,Quanta Services,Industrials,Houston,Texas,2024-03-22,252,256,1.61,973898,$37.36 B
EXC,Exelon,Utilities,Chicago,Illinois,2024-03-22,36,37,1.06,6612688,$37.01 B
VMC,Vulcan Materials Company,Materials,Birmingham,Alabama,2024-03-22,272,275,1.15,1033398,$36.44 B
CTSH,Cognizant,Information Technology,Teaneck,New Jersey,2024-03-22,73,72,-1.22,7489757,$36.13 B
NDAQ,"Nasdaq, Inc.",Financials,New York City,New York,2024-03-22,61,61,1.11,15153205,$35.60 B
EA,Electronic Arts,Communication Services,Redwood City,California,2024-03-22,132,132,-0.02,1967777,$35.42 B
RCL,Royal Caribbean Group,Consumer Discretionary,Miami,Florida,2024-03-22,136,135,-0.73,2601789,$34.85 B
FANG,Diamondback Energy,Energy,Midland,Texas,2024-03-22,193,194,0.61,1314819,$34.69 B
GPN,Global Payments,Financials,Atlanta,Georgia,2024-03-22,133,134,0.76,2241959,$34.33 B
HAL,Halliburton,Energy,Houston,Texas,2024-03-22,38,38,0.47,5044091,$34.23 B
CDW,CDW,Information Technology,Lincolnshire,Illinois,2024-03-22,253,254,0.7,688946,$34.20 B
BKR,Baker Hughes,Energy,Houston,Texas,2024-03-22,33,33,0.93,5912262,$34.03 B
ACGL,Arch Capital Group,Financials,Hamilton,Bermuda,2024-03-22,91,90,-1.3,1968898,$33.93 B
DG,Dollar General,Consumer Staples,Goodlettsville,Tennessee,2024-03-22,155,154,-0.99,1804218,$33.86 B
VRSK,Verisk,Industrials,Jersey City,New Jersey,2024-03-22,236,235,-0.29,1198927,$33.83 B
PPG,PPG Industries,Materials,Pittsburgh,Pennsylvania,2024-03-22,142,143,0.76,1290657,$33.80 B
ROK,Rockwell Automation,Industrials,Milwaukee,Wisconsin,2024-03-22,283,290,2.28,1154691,$33.24 B
EFX,Equifax,Industrials,Atlanta,Georgia,2024-03-22,266,265,-0.26,940564,$32.97 B
LYB,LyondellBasell,Materials,Rotterdam,Netherlands,2024-03-22,102,101,-1.45,1405450,$32.86 B
MPWR,Monolithic Power Systems,Information Technology,Kirkland,Washington,2024-03-22,683,675,-1.21,635113,$32.86 B
ON,ON Semiconductor,Information Technology,Phoenix,Arizona,2024-03-22,76,75,-1.37,5913034,$32.38 B
BIIB,Biogen,Health Care,Cambridge,Massachusetts,2024-03-22,219,220,0.65,994897,$32.09 B
DFS,Discover Financial,Financials,Riverwoods,Illinois,2024-03-22,126,127,0.81,1571833,$31.87 B
ADM,Archer-Daniels-Midland,Consumer Staples,Chicago,Illinois,2024-03-22,61,62,1.56,6052458,$31.85 B
PEG,Public Service Enterprise Group,Utilities,Newark,New Jersey,2024-03-22,64,63,-0.56,2431059,$31.83 B
FICO,Fair Isaac,Information Technology,Bozeman,Montana,2024-03-22,1258,1280,1.69,131567,$31.81 B
XYL,Xylem Inc.,Industrials,White Plains,New York,2024-03-22,129,129,0.61,936693,$31.43 B
DD,DuPont,Materials,Wilmington,Delaware,2024-03-22,74,75,0.64,1781927,$31.34 B
EXR,Extra Space Storage,Real Estate,Salt Lake City,Utah,2024-03-22,141,142,0.57,1340340,$31.14 B
DVN,Devon Energy,Energy,Oklahoma City,Oklahoma,2024-03-22,48,48,-0.21,6666084,$30.82 B
ED,Consolidated Edison,Utilities,New York City,New York,2024-03-22,89,88,-0.66,1787470,$30.63 B
VICI,Vici Properties,Real Estate,New York City,New York,2024-03-22,28,29,0.86,5198571,$30.45 B
ANSS,Ansys,Information Technology,Canonsburg,Pennsylvania,2024-03-22,345,348,0.64,347434,$30.30 B
FTV,Fortive,Industrials,Everett,Washington,2024-03-22,86,86,0.07,2740010,$30.29 B
CBRE,CBRE Group,Real Estate,Dallas,Texas,2024-03-22,96,98,2.17,1783862,$29.99 B
HIG,Hartford (The),Financials,Hartford,Connecticut,2024-03-22,101,100,-0.58,1861281,$29.90 B
DAL,Delta Air Lines,Industrials,Atlanta,Georgia,2024-03-22,45,46,1.1,9852879,$29.59 B
HPQ,HP Inc.,Information Technology,Palo Alto,California,2024-03-22,29,30,0.77,6695747,$29.43 B
XEL,Xcel Energy,Utilities,Minneapolis,Minnesota,2024-03-22,52,52,-0.8,3426709,$29.03 B
WST,West Pharmaceutical Services,Health Care,Exton,Pennsylvania,2024-03-22,395,395,0.0,305297,$28.98 B
TSCO,Tractor Supply,Consumer Discretionary,Brentwood,Tennessee,2024-03-22,256,266,3.97,1107350,$28.72 B
MTD,Mettler Toledo,Health Care,Columbus,Ohio,2024-03-22,1309,1338,2.22,115553,$28.63 B
RMD,ResMed,Health Care,San Diego,California,2024-03-22,193,193,0.14,1082367,$28.50 B
GRMN,Garmin,Consumer Discretionary,Schaffhausen,Switzerland,2024-03-22,146,148,0.95,593818,$28.41 B
GLW,Corning Inc.,Information Technology,Corning,New York,2024-03-22,32,33,0.82,5390738,$28.28 B
WTW,Willis Towers Watson,Financials,London,United Kingdom,2024-03-22,274,274,0.01,450922,$28.13 B
HWM,Howmet Aerospace,Industrials,Pittsburgh,Pennsylvania,2024-03-22,67,67,-0.19,3176436,$27.77 B
DLTR,Dollar Tree,Consumer Staples,Chesapeake,Virginia,2024-03-22,127,127,-0.23,2866853,$27.72 B
CAH,Cardinal Health,Health Care,Dublin,Ohio,2024-03-22,111,112,0.56,2084914,$27.37 B
EIX,Edison International,Utilities,Rosemead,California,2024-03-22,69,70,0.86,1816441,$26.99 B
TROW,T. Rowe Price,Financials,Baltimore,Maryland,2024-03-22,119,120,1.28,1346122,$26.96 B
EBAY,eBay,Consumer Discretionary,San Jose,California,2024-03-22,51,52,0.31,6756878,$26.94 B
KEYS,Keysight,Information Technology,Santa Rosa,California,2024-03-22,151,154,1.65,1020432,$26.92 B
RJF,Raymond James,Financials,St. Petersburg,Florida,2024-03-22,124,126,1.69,1241780,$26.36 B
AVB,AvalonBay Communities,Real Estate,Arlington,Virginia,2024-03-22,184,184,0.15,551128,$26.24 B
ZBH,Zimmer Biomet,Health Care,Warsaw,Indiana,2024-03-22,126,127,0.06,705136,$26.06 B
TTWO,Take-Two Interactive,Communication Services,New York City,New York,2024-03-22,149,152,1.49,2415722,$25.96 B
WY,Weyerhaeuser,Real Estate,Seattle,Washington,2024-03-22,35,35,0.31,2784358,$25.92 B
BLDR,Builders FirstSource,Industrials,Irving,Texas,2024-03-22,209,211,0.89,1106115,$25.74 B
WAB,Wabtec,Industrials,Pittsburgh,Pennsylvania,2024-03-22,143,144,0.96,740510,$25.64 B
NVR,"NVR, Inc.",Consumer Discretionary,Reston,Virginia,2024-03-22,8022,8001,-0.26,20753,$25.59 B
ULTA,Ulta Beauty,Consumer Discretionary,Bolingbrook,Illinois,2024-03-22,523,523,-0.08,917274,$25.42 B
CHD,Church & Dwight,Consumer Staples,Ewing,New Jersey,2024-03-22,102,103,1.06,975955,$25.32 B
FITB,Fifth Third Bank,Financials,Cincinnati,Ohio,2024-03-22,36,37,0.71,5533335,$25.30 B
WEC,WEC Energy Group,Utilities,Milwaukee,Wisconsin,2024-03-22,80,80,-0.76,1536211,$25.26 B
DOV,Dover Corporation,Industrials,Downers Grove,Illinois,2024-03-22,175,177,1.23,1995801,$24.89 B
TRGP,Targa Resources,Energy,Houston,Texas,2024-03-22,109,111,1.69,1953396,$24.77 B
BF-B,Brown–Forman,Consumer Staples,Louisville,Kentucky,2024-03-22,52,51,-1.53,1662515,$24.63 B
PHM,PulteGroup,Consumer Discretionary,Atlanta,Georgia,2024-03-22,115,116,0.67,1407527,$24.62 B
LYV,Live Nation Entertainment,Communication Services,Beverly Hills,California,2024-03-22,105,106,1.55,2137543,$24.62 B
BRO,Brown & Brown,Financials,Daytona Beach,Florida,2024-03-22,86,86,-0.61,1170409,$24.59 B
DECK,Deckers Brands,Consumer Discretionary,Goleta,California,2024-03-22,917,952,3.85,425195,$24.46 B
MOH,Molina Healthcare,Health Care,Long Beach,California,2024-03-22,414,417,0.77,218093,$24.40 B
MTB,M&T Bank,Financials,Buffalo,New York,2024-03-22,143,145,1.59,1129366,$24.30 B
BR,Broadridge Financial Solutions,Industrials,Lake Success,New York,2024-03-22,204,206,0.71,319055,$24.27 B
ALGN,Align Technology,Health Care,Tempe,Arizona,2024-03-22,331,321,-2.94,454803,$24.13 B
EQR,Equity Residential,Real Estate,Chicago,Illinois,2024-03-22,62,63,0.97,2015424,$24.08 B
AXON,Axon Enterprise,Industrials,Scottsdale,Arizona,2024-03-22,316,316,-0.15,265236,$23.80 B
IRM,Iron Mountain,Real Estate,Boston,Massachusetts,2024-03-22,80,80,0.37,1221596,$23.65 B
SBAC,SBA Communications,Real Estate,Boca Raton,Florida,2024-03-22,216,215,-0.84,485333,$23.25 B
AWK,American Water Works,Utilities,Camden,New Jersey,2024-03-22,118,118,-0.65,1022457,$23.02 B
STT,State Street Corporation,Financials,Boston,Massachusetts,2024-03-22,74,75,2.33,2630607,$22.93 B
STLD,Steel Dynamics,Materials,Fort Wayne,Indiana,2024-03-22,143,143,0.04,937438,$22.75 B
PTC,PTC,Information Technology,Boston,Massachusetts,2024-03-22,191,189,-0.69,880524,$22.68 B
DTE,DTE Energy,Utilities,Detroit,Michigan,2024-03-22,110,109,-0.84,1183962,$22.59 B
ROL,"Rollins, Inc.",Industrials,Atlanta,Georgia,2024-03-22,46,46,-0.6,1848453,$22.54 B
ARE,Alexandria Real Estate Equities,Real Estate,Pasadena,California,2024-03-22,127,128,1.08,959040,$22.50 B
STE,Steris,Health Care,Dublin,Ireland,2024-03-22,233,227,-2.79,454112,$22.44 B
HPE,Hewlett Packard Enterprise,Information Technology,Houston,Texas,2024-03-22,17,17,0.23,12286310,$22.37 B
HUBB,Hubbell Incorporated,Industrials,Shelton,Connecticut,2024-03-22,409,415,1.37,274579,$22.26 B
CCL,Carnival,Consumer Discretionary,Miami,Florida,2024-03-22,17,17,-0.29,30982159,$22.23 B
VLTO,Veralto,Industrials,Waltham,Massachusetts,2024-03-22,89,89,0.84,1688236,$22.16 B
WRB,Berkley,Financials,Greenwich,Connecticut,2024-03-22,86,85,-0.38,827519,$22.02 B
ETR,Entergy,Utilities,New Orleans,Louisiana,2024-03-22,103,103,0.15,1231771,$22.00 B
FE,FirstEnergy,Utilities,Akron,Ohio,2024-03-22,38,38,-0.18,2052241,$21.98 B
FLT,Fleetcor,Financials,Atlanta,Georgia,2024-03-22,307,305,-0.55,337712,$21.97 B
APTV,Aptiv,Consumer Discretionary,Dublin,Ireland,2024-03-22,79,80,1.86,2677333,$21.97 B
GPC,Genuine Parts Company,Consumer Discretionary,Atlanta,Georgia,2024-03-22,155,157,1.12,593241,$21.94 B
ILMN,Illumina,Health Care,San Diego,California,2024-03-22,140,137,-2.32,1915238,$21.84 B
NTAP,NetApp,Information Technology,San Jose,California,2024-03-22,105,105,0.07,1431097,$21.68 B
INVH,Invitation Homes,Real Estate,Dallas,Texas,2024-03-22,34,35,0.6,3549759,$21.48 B
BAX,Baxter International,Health Care,Deerfield,Illinois,2024-03-22,41,42,0.07,3638246,$21.33 B
WBD,Warner Bros. Discovery,Communication Services,New York City,New York,2024-03-22,8,8,-2.13,46790483,$21.27 B
IFF,International Flavors & Fragrances,Materials,New York City,New York,2024-03-22,84,83,-0.92,1501184,$21.27 B
WAT,Waters Corporation,Health Care,Milford,Massachusetts,2024-03-22,351,352,0.38,290164,$20.87 B
WDC,Western Digital,Information Technology,San Jose,California,2024-03-22,65,63,-1.94,11605031,$20.77 B
TSN,Tyson Foods,Consumer Staples,Springdale,Arkansas,2024-03-22,57,58,0.71,1757236,$20.73 B
BALL,Ball Corporation,Materials,Broomfield,Colorado,2024-03-22,65,65,0.26,1216844,$20.63 B
CTRA,Coterra,Energy,Houston,Texas,2024-03-22,27,27,0.92,6788730,$20.60 B
JBHT,J.B. Hunt,Industrials,Lowell,Arkansas,2024-03-22,195,197,1.08,819119,$20.44 B
ES,Eversource,Utilities,Hartford,Connecticut,2024-03-22,59,57,-2.54,2631709,$20.24 B
COO,CooperCompanies,Health Care,San Ramon,California,2024-03-22,101,101,-0.11,834291,$20.15 B
TDY,Teledyne Technologies,Information Technology,Thousand Oaks,California,2024-03-22,426,423,-0.59,218701,$20.07 B
PFG,Principal Financial Group,Financials,Des Moines,Iowa,2024-03-22,84,84,0.38,1045510,$19.93 B
PPL,PPL Corporation,Utilities,Allentown,Pennsylvania,2024-03-22,27,27,-0.22,4700536,$19.92 B
HBAN,Huntington Bancshares,Financials,Columbus,"Ohio; Detroit, Michigan",2024-03-22,13,13,1.76,14791068,$19.81 B
DRI,Darden Restaurants,Consumer Discretionary,Orlando,Florida,2024-03-22,164,163,-0.9,3889378,$19.49 B
CBOE,Cboe Global Markets,Financials,Chicago,Illinois,2024-03-22,181,184,1.59,866526,$19.45 B
VRSN,Verisign,Information Technology,Dulles,Virginia,2024-03-22,189,190,0.78,417342,$19.25 B
K,Kellanova,Consumer Staples,Chicago,Illinois,2024-03-22,55,56,1.89,3350118,$19.18 B
AEE,Ameren,Utilities,St. Louis,Missouri,2024-03-22,72,71,-0.53,1357703,$19.12 B
J,Jacobs Solutions,Industrials,Dallas,Texas,2024-03-22,151,151,0.09,385006,$19.03 B
HRL,Hormel Foods,Consumer Staples,Austin,Minnesota,2024-03-22,34,34,-0.64,2030072,$18.76 B
OMC,Omnicom Group,Communication Services,New York City,New York,2024-03-22,94,94,0.08,1101250,$18.67 B
MKC,McCormick & Company,Consumer Staples,Hunt Valley,Maryland,2024-03-22,68,69,1.27,1674409,$18.64 B
CINF,Cincinnati Financial,Financials,Fairfield,Ohio,2024-03-22,118,118,0.2,468786,$18.62 B
IEX,IDEX Corporation,Industrials,Lake Forest,Illinois,2024-03-22,241,245,1.97,423279,$18.60 B
EXPE,Expedia Group,Consumer Discretionary,Seattle,Washington,2024-03-22,138,136,-1.84,1642539,$18.59 B
STX,Seagate Technology,Information Technology,Dublin,Ireland,2024-03-22,91,88,-3.17,3405094,$18.53 B
RF,Regions Financial Corporation,Financials,Birmingham,Alabama,2024-03-22,19,20,1.21,8373897,$18.52 B
TXT,Textron,Industrials,Providence,Rhode Island,2024-03-22,95,95,0.17,720313,$18.36 B
CE,Celanese,Materials,Irving,Texas,2024-03-22,166,168,1.04,662702,$18.33 B
CLX,Clorox,Consumer Staples,Oakland,California,2024-03-22,150,147,-1.56,2004372,$18.33 B
WBA,Walgreens Boots Alliance,Consumer Staples,Deerfield,Illinois,2024-03-22,21,20,-0.98,7552621,$17.94 B
TYL,Tyler Technologies,Information Technology,Plano,Texas,2024-03-22,422,421,-0.24,168117,$17.80 B
LH,LabCorp,Health Care,Burlington,North Carolina,2024-03-22,210,211,0.37,545873,$17.77 B
HOLX,Hologic,Health Care,Marlborough,Massachusetts,2024-03-22,75,75,0.64,1189867,$17.73 B
CNP,CenterPoint Energy,Utilities,Houston,Texas,2024-03-22,28,27,-0.5,4335358,$17.72 B
VTR,Ventas,Real Estate,Chicago,Illinois,2024-03-22,43,43,0.11,2785373,$17.67 B
NTRS,Northern Trust,Financials,Chicago,Illinois,2024-03-22,84,86,2.13,1091216,$17.65 B
ATO,Atmos Energy,Utilities,Dallas,Texas,2024-03-22,116,116,0.14,434217,$17.62 B
AVY,Avery Dennison,Materials,Mentor,Ohio,2024-03-22,217,218,0.75,271565,$17.60 B
EXPD,Expeditors International,Industrials,Seattle,Washington,2024-03-22,119,121,1.41,778399,$17.49 B
LDOS,Leidos,Industrials,Reston,Virginia,2024-03-22,128,129,0.81,485986,$17.44 B
SYF,Synchrony Financial,Financials,Stamford,Connecticut,2024-03-22,43,42,-2.22,5520143,$17.35 B
CMS,CMS Energy,Utilities,Jackson,Michigan,2024-03-22,58,58,0.58,2507722,$17.34 B
BBY,Best Buy,Consumer Discretionary,Richfield,Minnesota,2024-03-22,78,80,2.38,4834716,$17.33 B
L,Loews Corporation,Financials,New York City,New York,2024-03-22,77,77,-0.45,546977,$17.20 B
MAS,Masco,Industrials,Livonia,Michigan,2024-03-22,77,78,1.14,2918397,$17.18 B
FDS,FactSet,Financials,Norwalk,Connecticut,2024-03-22,474,450,-4.98,886210,$17.16 B
LUV,Southwest Airlines,Industrials,Dallas,Texas,2024-03-22,28,28,-0.28,9165612,$17.11 B
TER,Teradyne,Information Technology,North Reading,Massachusetts,2024-03-22,109,111,2.17,2562074,$17.06 B
SWKS,Skyworks Solutions,Information Technology,Irvine,California,2024-03-22,107,106,-0.93,2680921,$17.01 B
EG,Everest Re,Financials,Hamilton,Bermuda,2024-03-22,390,384,-1.56,356946,$16.68 B
PKG,Packaging Corporation of America,Materials,Lake Forest,Illinois,2024-03-22,184,185,0.01,456133,$16.58 B
AKAM,Akamai,Information Technology,Cambridge,Massachusetts,2024-03-22,109,109,-0.48,1121378,$16.54 B
JBL,Jabil,Information Technology,St. Petersburg,Florida,2024-03-22,128,129,0.82,1549815,$16.48 B
EPAM,EPAM Systems,Information Technology,Newtown,Pennsylvania,2024-03-22,286,283,-1.13,1100992,$16.41 B
CFG,Citizens Financial Group,Financials,Providence,Rhode Island,2024-03-22,35,35,2.03,4532934,$16.37 B
FSLR,First Solar,Information Technology,Tempe,Arizona,2024-03-22,152,152,0.45,1671748,$16.31 B
ESS,Essex Property Trust,Real Estate,San Mateo,California,2024-03-22,241,244,1.04,280952,$16.22 B
CF,CF Industries,Materials,Deerfield,Illinois,2024-03-22,86,85,-0.86,2086145,$16.08 B
POOL,Pool Corporation,Consumer Discretionary,Covington,Louisiana,2024-03-22,412,418,1.47,310954,$16.08 B
MAA,Mid-America Apartment Communities,Real Estate,Memphis,Tennessee,2024-03-22,131,132,0.88,613102,$15.93 B
TRMB,Trimble Inc.,Information Technology,Westminster,Colorado,2024-03-22,64,64,1.08,1007197,$15.89 B
DPZ,Domino's,Consumer Discretionary,Ann Arbor,Michigan,2024-03-22,451,455,1.07,401704,$15.88 B
ENPH,Enphase,Information Technology,Fremont,California,2024-03-22,114,115,0.65,3215704,$15.66 B
SNA,Snap-on,Industrials,Kenosha,Wisconsin,2024-03-22,292,293,0.13,383186,$15.49 B
NDSN,Nordson Corporation,Industrials,Westlake,Ohio,2024-03-22,265,270,1.66,144072,$15.45 B
MRO,Marathon Oil,Energy,Houston,Texas,2024-03-22,27,27,0.07,10217394,$15.35 B
UAL,United Airlines Holdings,Industrials,Chicago,Illinois,2024-03-22,46,46,1.37,5555017,$15.30 B
ZBRA,Zebra Technologies,Information Technology,Lincolnshire,Illinois,2024-03-22,289,295,2.09,227327,$15.16 B
EQT,EQT,Energy,Pittsburgh,Pennsylvania,2024-03-22,33,34,1.21,5493938,$15.14 B
NWS,News Corp (Class B),Communication Services,New York City,New York,2024-03-22,26,27,0.89,549151,$15.13 B
HST,Host Hotels & Resorts,Real Estate,Bethesda,Maryland,2024-03-22,20,21,1.59,6029904,$15.09 B
NWSA,News Corp (Class A),Communication Services,New York City,New York,2024-03-22,25,26,0.96,2411216,$15.08 B
LW,Lamb Weston,Consumer Staples,Eagle,Idaho,2024-03-22,102,102,-0.18,1145409,$14.83 B
SWK,Stanley Black & Decker,Industrials,New Britain,Connecticut,2024-03-22,93,95,2.9,1732285,$14.74 B
ALB,Albemarle Corporation,Materials,Charlotte,North Carolina,2024-03-22,125,124,-0.79,2302071,$14.67 B
BEN,Franklin Templeton,Financials,San Mateo,California,2024-03-22,27,27,0.72,2967818,$14.66 B
BG,Bunge Global SA,Consumer Staples,Chesterfield,Missouri,2024-03-22,98,100,2.06,1937368,$14.54 B
NRG,NRG Energy,Utilities,Houston,Texas,2024-03-22,67,67,-0.89,3095679,$14.40 B
KEY,KeyCorp,Financials,Cleveland,Ohio,2024-03-22,15,15,1.32,11832088,$14.34 B
MGM,MGM Resorts,Consumer Discretionary,Paradise,Nevada,2024-03-22,44,44,-0.4,2458736,$14.31 B
VTRS,Viatris,Health Care,Pittsburgh,Pennsylvania,2024-03-22,11,12,0.59,4565473,$14.26 B
TAP,Molson Coors Beverage Company,Consumer Staples,Chicago,Illinois,2024-03-22,66,67,0.62,1075623,$14.26 B
DGX,Quest Diagnostics,Health Care,Secaucus,New Jersey,2024-03-22,127,128,0.8,615411,$14.26 B
LKQ,LKQ Corporation,Consumer Discretionary,Chicago,Illinois,2024-03-22,52,52,1.19,765886,$14.11 B
GEN,Gen Digital,Information Technology,Tempe,Arizona,2024-03-22,21,22,1.7,3311743,$14.10 B
CRL,Charles River Laboratories,Health Care,Wilmington,Massachusetts,2024-03-22,270,273,1.27,429314,$14.04 B
PNR,Pentair,Industrials,Worsley,United Kingdom,2024-03-22,82,84,2.28,2362434,$14.01 B
FOXA,Fox Corporation (Class A),Communication Services,New York City,New York,2024-03-22,30,30,0.49,2517041,$13.86 B
CAG,Conagra Brands,Consumer Staples,Chicago,Illinois,2024-03-22,28,28,0.52,4618694,$13.84 B
FOX,Fox Corporation (Class B),Communication Services,New York City,New York,2024-03-22,27,27,0.29,1003828,$13.83 B
IP,International Paper,Materials,Memphis,Tennessee,2024-03-22,39,39,1.14,3834108,$13.81 B
KMX,CarMax,Consumer Discretionary,Richmond,Virginia,2024-03-22,83,86,2.93,2209783,$13.65 B
AMCR,Amcor,Materials,Warmley,"Bristol, United Kingdom",2024-03-22,9,9,0.65,4501238,$13.41 B
UDR,"UDR, Inc.",Real Estate,Highlands Ranch,Colorado,2024-03-22,37,37,1.21,2197652,$13.37 B
KIM,Kimco Realty,Real Estate,New Hyde Park,New York,2024-03-22,19,19,1.18,4489078,$13.28 B
AOS,A. O. Smith,Industrials,Milwaukee,Wisconsin,2024-03-22,87,89,2.33,725617,$13.22 B
SJM,J.M. Smucker Company (The),Consumer Staples,Orrville,Ohio,2024-03-22,123,123,0.6,651797,$13.16 B
RVTY,Revvity,Health Care,Waltham,Massachusetts,2024-03-22,105,105,-0.62,732437,$12.98 B
INCY,Incyte,Health Care,Wilmington,Delaware,2024-03-22,58,57,-1.45,1503966,$12.96 B
CPB,Campbell Soup Company,Consumer Staples,Camden,New Jersey,2024-03-22,43,43,0.12,1838649,$12.89 B
DOC,Healthpeak,Real Estate,Denver,Colorado,2024-03-22,17,17,0.79,5563323,$12.64 B
WRK,WestRock,Materials,Atlanta,Georgia,2024-03-22,49,48,-1.43,1472148,$12.55 B
IPG,Interpublic Group of Companies (The),Communication Services,New York City,New York,2024-03-22,32,33,0.42,3155274,$12.53 B
LNT,Alliant Energy,Utilities,Madison,Wisconsin,2024-03-22,48,48,-0.04,1733284,$12.52 B
JKHY,Jack Henry & Associates,Financials,Monett,Missouri,2024-03-22,171,171,-0.02,458688,$12.52 B
RL,Ralph Lauren Corporation,Consumer Discretionary,New York City,New York,2024-03-22,191,190,-0.37,847525,$12.17 B
UHS,Universal Health Services,Health Care,King of Prussia,Pennsylvania,2024-03-22,180,180,0.23,530317,$12.15 B
NI,NiSource,Utilities,Merrillville,Indiana,2024-03-22,26,27,0.56,2913086,$12.13 B
JNPR,Juniper Networks,Information Technology,Sunnyvale,California,2024-03-22,36,36,0.19,2367739,$11.98 B
EVRG,Evergy,Utilities,Kansas City,Missouri,2024-03-22,51,51,0.1,1714723,$11.90 B
DVA,DaVita Inc.,Health Care,Denver,Colorado,2024-03-22,138,136,-1.94,676832,$11.90 B
ALLE,Allegion,Industrials,Dublin,Ireland,2024-03-22,135,135,-0.39,629642,$11.85 B
PODD,Insulet,Health Care,Acton,Massachusetts,2024-03-22,169,166,-1.43,432862,$11.65 B
HII,Huntington Ingalls Industries,Industrials,Newport News,Virginia,2024-03-22,292,293,0.39,221307,$11.64 B
TECH,Bio-Techne,Health Care,Minneapolis,Minnesota,2024-03-22,72,72,-0.58,789059,$11.37 B
REG,Regency Centers,Real Estate,Jacksonville,Florida,2024-03-22,60,60,0.5,1047669,$11.29 B
FFIV,"F5, Inc.",Information Technology,Seattle,Washington,2024-03-22,190,191,0.56,272012,$11.24 B
WYNN,Wynn Resorts,Consumer Discretionary,Paradise,Nevada,2024-03-22,100,99,-0.78,1134945,$11.20 B
EMN,Eastman Chemical Company,Materials,Kingsport,Tennessee,2024-03-22,93,95,1.65,999435,$11.20 B
AES,AES Corporation,Utilities,Arlington,Virginia,2024-03-22,15,15,1.35,34464869,$11.20 B
QRVO,Qorvo,Information Technology,Greensboro,North Carolina,2024-03-22,115,115,-0.39,1237445,$11.14 B
TPR,"Tapestry, Inc.",Consumer Discretionary,New York City,New York,2024-03-22,47,48,0.82,3109649,$11.03 B
DAY,Dayforce,Industrials,Minneapolis,Minnesota,2024-03-22,70,70,1.27,2079116,$10.69 B
PAYC,Paycom,Industrials,Oklahoma City,Oklahoma,2024-03-22,192,193,0.39,549243,$10.95 B
BBWI,"Bath & Body Works, Inc.",Consumer Discretionary,Columbus,Ohio,2024-03-22,48,48,0.56,1591617,$10.91 B
GL,Globe Life,Financials,McKinney,Texas,2024-03-22,117,115,-1.79,1115044,$10.89 B
CPT,Camden Property Trust,Real Estate,Houston,Texas,2024-03-22,98,99,0.83,968241,$10.66 B
TFX,Teleflex,Health Care,Wayne,Pennsylvania,2024-03-22,221,224,1.15,300634,$10.56 B
BXP,Boston Properties,Real Estate,Boston,Massachusetts,2024-03-22,65,66,1.69,1288176,$10.38 B
MOS,Mosaic Company (The),Materials,Tampa,Florida,2024-03-22,32,32,-0.8,3303608,$10.31 B
APA,APA Corporation,Energy,Houston,Texas,2024-03-22,33,33,0.33,4360906,$10.23 B
CTLT,Catalent,Health Care,Somerset,New Jersey,2024-03-22,56,55,-0.3,1975178,$10.09 B
BIO,Bio-Rad,Health Care,Hercules,California,2024-03-22,339,351,3.63,206043,$10.02 B
AAL,American Airlines Group,Industrials,Fort Worth,Texas,2024-03-22,14,14,1.09,25455702,$9.68 B
MTCH,Match Group,Communication Services,Dallas,Texas,2024-03-22,36,35,-1.54,6107467,$9.57 B
HSIC,Henry Schein,Health Care,Melville,New York,2024-03-22,74,74,-0.96,696122,$9.52 B
AIZ,Assurant,Financials,Atlanta,Georgia,2024-03-22,180,179,-0.56,342240,$9.33 B
CZR,Caesars Entertainment,Consumer Discretionary,Reno,Nevada,2024-03-22,42,41,-0.88,1971558,$9.00 B
NCLH,Norwegian Cruise Line Holdings,Consumer Discretionary,Miami,Florida,2024-03-22,20,20,0.88,8588789,$8.74 B
CHRW,CH Robinson,Industrials,Eden Prairie,Minnesota,2024-03-22,73,74,0.72,1351606,$8.69 B
FRT,Federal Realty,Real Estate,Rockville,Maryland,2024-03-22,101,102,0.58,741181,$8.55 B
RHI,Robert Half,Industrials,Menlo Park,California,2024-03-22,80,81,0.62,669601,$8.53 B
MKTX,MarketAxess,Financials,New York City,New York,2024-03-22,219,223,2.0,368925,$8.48 B
PNW,Pinnacle West,Utilities,Phoenix,Arizona,2024-03-22,73,72,-0.18,585011,$8.27 B
PARA,Paramount Global,Communication Services,New York City,New York,2024-03-22,12,11,-5.97,24999511,$8.15 B
FMC,FMC Corporation,Materials,Philadelphia,Pennsylvania,2024-03-22,64,64,0.64,1834782,$8.10 B
ETSY,Etsy,Consumer Discretionary,New York City,New York,2024-03-22,69,68,-1.48,2762367,$8.07 B
MHK,Mohawk Industries,Consumer Discretionary,Calhoun,Georgia,2024-03-22,124,126,1.24,505607,$8.04 B
HAS,Hasbro,Consumer Discretionary,Pawtucket,Rhode Island,2024-03-22,54,56,3.18,1684718,$7.78 B
BWA,BorgWarner,Consumer Discretionary,Auburn Hills,Michigan,2024-03-22,32,33,1.49,2753704,$7.71 B
GNRC,Generac,Industrials,Waukesha,Wisconsin,2024-03-22,119,119,0.57,922412,$7.23 B
IVZ,Invesco,Financials,Atlanta,Georgia,2024-03-22,16,16,0.0,3919455,$7.19 B
CMA,Comerica,Financials,Dallas,Texas,2024-03-22,52,52,1.38,2219973,$7.01 B
XRAY,Dentsply Sirona,Health Care,Charlotte,North Carolina,2024-03-22,33,33,0.45,1867758,$6.94 B
VFC,VF Corporation,Consumer Discretionary,Denver,Colorado,2024-03-22,14,14,0.48,4584936,$5.65 B
